post_title,post_body,post_author,post_id,comment_num,karma,link,post_date
Got a tech question or want to discuss tech? Weekly /r/Technology Tech Support / General Discussion Thread,"##Greetings Good People of /r/Technology,

Welcome to the /r/Technology Tech Support / General Discussion Thread.

**All questions must be submitted as top comments** (direct replies to this post).

As always, we ask that you keep it civil, abide by the [rules of reddit](http://www.reddit.com/rules) and mind your [reddiquette](https://www.reddit.com/wiki/reddiquette).  Please hit the report button on any activity that you feel may be in violation of any of the guidelines listed above.

[Click here to review past iterations of these support discussions.](https://www.reddit.com/r/technology/search?q=author%3AAutomoderator&sort=new&restrict_sr=on)

cheers, /r/technology moderators.",AutoModerator,jtrqyk,60,41,https://www.reddit.com/r/technology/comments/jtrqyk/got_a_tech_question_or_want_to_discuss_tech/,2020-11-14 02:05:11
Review | A covid-fighting tool is buried in your phone. Turn it on.,,CrankyBear,jwjpy9,5,2,https://www.washingtonpost.com/technology/2020/11/18/coronavirus-app-exposure-alerts/,2020-11-18 19:11:16
